Time [s],Channel 6,Channel 7
44.892098464,0,1
44.892109000,0,0
44.892113000,1,0
44.892129000,0,0
44.892133000,0,1
44.892149000,0,0
44.892153000,1,0
44.892166868,1,0
